Fecha,Nivel general,Alimentos y bebidas no alcohólicas,Alimentos,Pan y cereales,Carnes y derivados,"Leche, productos lácteos y huevos","Aceites, grasas y manteca",Frutas,"Verduras, tubérculos y legumbres","Azúcar, dulces, chocolate, golosinas, etc.",Bebidas no alcohólicas,"Café, té, yerba y cacao","Aguas minerales, bebidas gaseosas y jugos",Bebidas alcohólicas y tabaco,Bebidas alcohólicas,Tabaco,Prendas de vestir y calzado,Prendas de vestir y materiales,Calzado,"Vivienda, agua, electricidad, gas y otros combustibles",Alquiler de la vivienda y gastos conexos,Alquiler de la vivienda,"Electricidad, gas y otros combustibles",Equipamiento y mantenimiento del hogar,Bienes y servicios para la conservación del hogar,Salud,"Productos medicinales, artefactos y equipos para la salud",Gastos de prepagas,Transporte,Adquisición de vehículos,Funcionamiento de equipos de transporte personal,Combustibles y lubricantes para vehículos de uso del hogar,Transporte público,Comunicación,Servicios  de telefonía e internet,Recreación y cultura,Servicios recreativos y culturales,"Periódicos, diarios, revistas, libros y artículos de papelería",Educación,Restaurantes y hoteles,Restaurantes y comidas fuera del hogar,Bienes y servicios varios,Cuidado personal
2016-12,100,100,100,100,100,100,100,100,100,100,100,100,100,100,100,100,100,100,100,100,100,100,100,100,100,100,100,100,100,100,100,100,100,100,100,100,100,100,100,100,100,100,100
2017-01,101.7074,101.4532,101.1509,101.6816,100.1244,102.0523,104.4466,102.9104,100.4237,102.6788,104.0648,103.0007,104.3737,101.3446,103.3679,100.0045,99.8901,99.3201,101.3966,102.9333,103.797,104.0926,100.0424,101.2098,101.2687,103.1395,103.8069,99.8932,102.6271,101.3379,102.5936,102.8179,104.4175,102.7973,102.785,101.494,102.4171,102.17,100,101.8587,100.8187,102.0274,101.8622
2017-02,103.2652,103.2726,102.8614,103.4011,100.1186,104.8258,112.0237,103.5016,105.6971,103.6017,106.824,103.2413,107.8641,103.6784,104.9662,102.8254,97.6569,97.4639,98.1669,106.7382,105.7805,105.7027,107.0746,101.4084,101.809,105.4921,105.8488,103.7753,105.0294,103.7126,105.1403,104.684,106.4141,105.0927,105.0145,103.0695,106.161,104.8766,102.6468,103.7947,102.8799,103.145,102.7663
2017-03,105.9238,105.6107,105.3056,106.075,102.5817,107.9784,111.199,101.049,109.7505,106.6793,108.2453,104.9074,109.2144,107.6177,108.789,106.8419,99.9659,99.9563,99.9913,111.8642,107.1889,107.5298,118.4357,102.4367,103.0216,107.5537,108.1145,108.2578,107.7578,106.3584,106.2969,105.9316,114.0591,108.0971,107.8804,105.7508,111.317,107.673,112.7186,104.0537,103.999,105.5914,104.608
2017-04,109.4506,108.662,108.5645,110.4638,106.0002,112.5432,110.995,99.4502,114.0377,108.6769,109.504,106.1907,110.466,110.4164,111.2859,109.8405,103.6297,105.6246,98.3566,122.532,112.7523,113.297,140.4754,103.4704,103.8857,109.9679,111.4339,108.2534,108.5852,107.2061,106.5195,106.1573,116.7101,117.3494,117.4702,108.008,112.3921,109.5933,123.0399,106.7437,106.9207,106.9862,105.8914
2017-05,111.3091,110.5564,110.4815,110.2543,106.8364,115.4291,108.9804,100.4766,123.917,108.6712,111.204,107.2314,112.3573,111.7646,112.9895,110.9532,105.7716,107.8498,100.2784,126.0123,118.2408,118.9831,143.2847,105.9601,108.1716,111.5318,113.7973,107.4263,109.0421,108.488,107.6156,107.2264,114.1315,117.3533,117.4702,110.9068,118.3298,111.2218,125.9261,107.5511,107.9085,109.1074,108.2218
2017-06,112.4298,111.1791,111.0761,111.6473,107.1005,118.3413,108.7207,100.0195,120.4236,113.6316,112.0687,108.4038,113.1328,112.0463,113.7001,110.9508,105.7636,107.9672,99.9393,127.1536,119.0414,119.8122,144.9764,107.3218,109.5611,113.7365,116.0815,108.431,111.879,117.5043,107.729,107.3411,117.2087,117.0591,117.3195,112.7822,119.2107,112.1265,125.956,108.7289,109.0867,110.2463,109.7757
2017-07,114.0184,112.524,112.3765,112.9911,109.005,121.2765,110.5459,99.9019,118.3003,113.6089,113.7985,111.414,114.4908,114.6441,114.0427,115.0424,105.7652,105.7501,105.8051,128.3865,122.1227,122.7393,144.5793,109.2936,112.5497,117.285,119.5536,113.4673,112.9427,112.0199,111.2211,111.6128,119.4176,119.8053,118.6427,115.2405,119.9845,114.1256,127.1536,111.3908,110.8967,111.4859,110.956
2017-08,115.5674,115.0058,114.9149,114.9274,110.1383,122.3464,112.5687,101.8628,129.8065,115.0368,115.7905,114.7003,116.107,116.9571,118.7595,115.7632,105.0935,104.3284,107.1157,131.3004,124.5034,124.8987,149.5088,110.3561,113.3466,119.5298,121.0235,117.271,113.4674,113.1581,112.289,111.9337,117.4774,121.3918,120.451,116.5243,121.9978,116.8744,128.5598,112.212,112.2523,113.3637,112.9306
2017-09,117.5777,117.1654,117.2107,115.9342,112.0704,122.3644,114.4944,104.5823,138.6459,117.3172,116.7745,114.7618,117.3588,117.5981,120.3667,115.7642,107.9364,109.1016,104.8565,132.9221,127.8332,128.3521,149.5424,111.9858,114.2716,123.3663,123.8756,123.378,114.6184,116.3078,112.5314,112.0281,118.7909,121.5069,120.451,119.604,128.5178,117.8663,129.2793,114.3078,114.4389,113.6678,113.3113
2017-10,119.5964,119.1286,119.1124,117.9666,112.9466,123.1701,115.0627,111.5048,143.5537,119.3179,119.2681,117.4348,119.8003,121.0022,122.7264,119.8601,110.3406,109.9235,111.443,134.6046,130.009,130.5976,151.4251,112.3966,114.6082,125.8797,125.6304,124.681,116.8203,119.7039,114.5115,113.8566,120.1075,127.7813,126.8179,122.6707,130.8312,120.0615,131.1752,113.5111,113.5515,116.0149,115.6287
2017-11,121.4671,120.7283,120.6525,118.147,113.5806,124.6102,116.3465,125.7692,145.5499,122.5495,121.3829,119.8986,121.8138,122.3994,125.7236,120.1976,110.2628,109.5184,112.2303,138.7605,132.2114,132.8767,159.2691,113.631,115.1641,127.5262,127.1729,125.13,120.2882,121.9705,119.3888,118.3293,120.8371,129.5342,128.3889,122.97,130.9262,122.8557,132.6018,117.3295,117.4469,116.8118,116.1735
2017-12,125.5295,121.4185,121.2149,119.1637,115.6853,126.0775,115.3712,131.5575,135.0027,126.5159,123.1774,122.7031,123.3151,122.8733,126.9132,120.1974,111.7244,112.1443,110.6146,165.1175,133.1812,133.1783,227.6596,116.5744,120.247,130.2173,128.8137,134.1635,125.0211,122.1152,126.2245,126.0493,125.1447,131.9562,130.3881,123.6886,132.8896,123.844,132.6405,119.8785,119.8336,119.5664,119.3732
2018-01,127.4142,122.1729,121.9366,119.9961,116.9038,127.3319,118.0973,138.0262,129.2619,129.5099,124.2135,124.2128,124.2137,125.5126,128.2874,123.6747,111.3325,111.8047,110.0844,168.0202,134.7125,135.3571,229.7019,117.1258,120.5631,132.2434,130.6603,136.0934,130.1204,124.3205,129.097,129.089,140.8453,132.6422,131.1148,126.5053,136.1661,127.1613,134.8449,123.6989,122.1459,120.7685,119.8559
2018-02,130.773,124.8639,124.5865,121.318,120.461,129.466,118.1994,152.4854,127.431,132.0267,127.2604,125.7302,127.7047,127.7143,129.1666,126.7524,113.2231,110.9188,119.3139,171.2547,137.7623,138.3682,233.8074,119.4672,123.0687,134.2943,132.764,139.5026,136.5915,127.2073,134.6535,135.3489,154.8073,143.8904,142.5079,128.8322,138.932,131.8068,134.8449,129.9498,128.9996,122.478,121.4642
2018-03,133.5455,128.3797,128.1493,126.7417,123.589,134.2222,121.4369,156.4441,128.426,132.7791,130.3693,129.1497,130.7234,128.9019,132.0077,126.8447,115.0064,113.5994,118.7253,172.4761,140.1113,140.8005,231.7125,124.5471,130.9211,136.7567,135.5207,140.5344,137.8387,127.7344,135.416,135.8122,158.4802,148.6409,147.3916,128.7396,138.8027,133.61,148.6082,133.8828,133.821,124.5802,123.4568
2018-04,138.0246,130.6871,130.1434,133.0962,124.626,140.332,129.7167,140.0819,124.503,136.6023,135.3834,132.4264,136.2419,130.5132,132.4311,129.2428,119.4644,118.5366,121.9166,192.6066,145.1345,145.7075,276.4472,125.9871,131.8126,140.0968,138.6402,143.6185,142.3967,132.3702,141.2765,142.3704,158.9516,148.5419,147.3916,131.4541,142.0961,136.1674,157.8711,135.7439,135.8732,126.4113,125.4102
2018-05,140.5213,134.4059,133.9825,142.8426,125.9343,142.3749,135.1713,135.4136,133.348,138.7638,138.0624,137.7773,138.1451,133.1407,134.7387,132.0822,119.8026,118.9973,121.9311,192.1193,147.37,148.0207,271.3451,129.6516,134.6944,142.2541,141.988,143.6185,145.518,136.4404,145.1777,145.9702,158.4448,152.3378,151.0908,134.717,145.2964,141.2515,158.4645,137.7982,138.1078,129.5548,128.9595
2018-06,145.6472,142.5023,142.3718,152.9716,133.1506,147.9829,144.0754,136.1515,151.3056,143.5153,143.6293,146.1261,142.9045,134.3355,137.17,132.4581,120.6733,120.2198,121.872,195.2993,150.632,150.9691,271.6386,135.44,138.985,147.5675,146.0123,156.5452,151.9012,148.3982,151.1757,151.9355,158.707,153.1673,151.0908,139.9474,147.7087,145.7689,159.464,142.0747,142.5627,134.6179,134.3967
2018-07,150.9503,148.5976,148.7501,158.952,136.5574,151.1603,156.8756,135.8276,175.5621,147.4876,147.281,150.3823,146.3806,138.0368,139.6306,136.9812,123.9204,122.1176,128.6857,198.1353,152.9144,153.7421,273.6043,140.6677,143.9917,151.8435,151.7499,154.5152,160.566,159.229,158.1123,158.4468,169.8231,155.1623,152.6979,147.2062,153.8425,153.8883,161.1032,148.0265,147.7035,138.5137,139.2358
2018-08,156.0822,154.9999,155.1647,162.3836,141.8444,156.7372,167.5313,136.6926,193.7489,152.3397,153.5766,159.3294,151.9064,139.7275,140.0485,139.5149,123.3924,121.2832,128.9678,210.2986,156.234,156.4117,299.1497,145.0621,148.8947,156.379,156.0286,163.6039,166.3646,167.3511,164.5181,165.3704,170.7215,169.1194,166.9626,150.852,159.8545,156.3947,163.1951,149.4386,149.6563,143.3848,142.9609
2018-09,166.7562,167.8127,168.0477,184.1141,156.3623,167.9551,185.3497,151.4898,185.9636,160.8305,165.7833,179.0503,161.9316,145.9448,145.4073,146.3009,133.5995,129.9206,143.3238,215.5648,157.2962,157.9139,305.4002,158.9075,158.5237,163.5893,165.3272,165.9407,181.2983,189.4265,178.3221,178.1365,179.7599,171.874,168.3768,161.8549,164.9393,171.3077,163.5566,159.5595,160.2166,156.0776,156.9238
2018-10,176.6713,177.5769,177.6835,194.0998,163.2722,179.617,193.3786,164.6039,200.0688,169.8266,176.6563,187.5099,173.5052,148.6378,150.2067,147.5985,140.163,135.0323,153.7246,242.5578,162.6837,163.0563,367.1103,166.6301,165.9559,172.2539,174.6656,174.7825,195.9404,205.5175,196.1514,198.7349,182.7551,172.5153,169.4212,165.6811,167.6565,174.0949,172.2686,162.0631,162.771,166.0309,167.9697
2018-11,183.1394,183.2772,183.1647,198.9004,165.8923,189.5943,199.9192,172.782,209.6619,174.8674,184.2483,190.4323,182.453,155.4498,155.5669,155.3722,145.9065,140.9374,159.0408,250.7215,164.6214,165.3468,385.3234,172.878,172.6858,188.4368,197.5095,175.8192,200.6144,209.8162,201.9171,204.4145,184.5811,178.8212,174.8167,171.4417,177.1006,175.8642,174.7515,163.5131,164.0927,176.1889,179.1558
2018-12,187.7085,184.8872,184.079,203.5649,167.9014,194.7905,202.436,178.027,188.3213,180.9091,191.8669,198.9416,189.813,158.2336,159.6128,157.3201,149.7356,144.7202,162.9924,254.8493,170.0773,169.6042,387.6793,177.6481,178.3452,196.2615,204.6861,188.2943,208.5803,224.7031,202.7856,204.8694,205.1969,194.6626,191.5505,176.5207,182.2671,177.7075,175.2663,169.6335,169.7393,181.5474,184.7078
2019-01,193.2068,190.028,188.991,208.6785,175.9627,203.1001,207.894,182.8856,177.1185,183.547,198.9849,206.5611,196.7854,163.1306,161.067,164.4974,149.0438,143.1661,164.58,261.5128,173.8765,173.6522,394.771,182.2216,184.4591,204.4372,214.332,191.9007,213.037,228.3852,202.4615,204.2296,225.2927,208.7144,205.999,183.9478,188.9076,185.1354,176.3857,180.8578,179.4549,188.9738,192.6331
2019-02,200.5139,201.9767,201.8368,213.6545,197.4593,208.8289,212.7067,194.3056,189.1056,188.0371,203.1848,210.6487,201.0178,167.3738,165.0173,168.9347,150.0854,144.8527,163.9168,277.7451,175.3795,174.9087,435.1301,188.1974,191.9289,210.3003,220.5511,199.4911,216.7725,220.4686,203.2455,205.2439,253.3137,211.1789,208.1738,189.5824,191.6749,193.1588,176.3857,186.6597,185.9385,191.7177,195.5152
2019-03,209.4128,215.7301,216.7225,222.0458,217.6188,229.1875,215.9359,190.853,203.132,197.706,207.1588,221.7149,202.9329,173.8673,165.5677,179.3646,155.2078,150.7994,166.8604,277.7588,179.1522,178.7732,430.0309,194.9874,198.9087,218.8183,231.6021,202.9419,224.8528,226.9881,211.8532,212.5627,261.8243,221.8008,219.1064,192.4184,193.4663,199.7828,201.5515,199.6135,200.3697,198.0625,201.9485
2019-04,216.4238,222.2396,222.983,229.1955,223.1987,246.8259,226.5927,182.9789,200.2868,206.0454,215.8183,230.0649,211.6822,175.6661,167.5545,181.0391,163.7047,159.9629,173.595,280.8936,180.3948,180.0548,434.2538,203.4019,208.183,227.3139,242.8444,205.7604,235.3221,233.3393,222.7763,225.1203,276.2974,230.2711,226.6516,198.5426,200.3659,205.7866,213.7357,203.9728,205.1641,204.4122,208.756
2019-05,222.662,227.3122,227.6222,237.1801,223.9623,264.292,240.9862,177.6169,196.0804,216.5638,224.6351,238.9333,220.484,179.5108,170.0845,185.7545,169.7982,165.9478,179.9756,287.1827,183.1837,182.3977,447.0091,209.9064,214.3448,237.5976,255.432,215.8322,244.0554,242.0102,232.4053,234.7451,282.3725,237.6949,234.0126,205.5218,213.621,207.2471,213.1073,207.9022,209.5278,211.8199,216.368
2019-06,228.5075,232.8461,232.9263,242.7599,224.6429,277.6274,248.4123,176.2414,210.0015,222.5728,232.1539,249.2517,227.1901,184.7621,173.9756,191.9067,174.6995,168.2442,191.7623,293.8968,184.8344,184.1042,460.9338,215.358,219.5446,249.0156,271.2735,216.7535,246.8822,243.6056,236.2582,238.0185,283.6723,253.4162,249.7693,210.8739,218.571,212.9574,216.243,212.676,214.4147,218.6306,224.0417
2019-07,234.9103,237.2552,237.1661,247.8781,224.6531,284.2598,257.3511,177.4062,224.2559,230.149,238.0253,256.7529,232.5883,185.7844,176.5289,191.915,175.6517,168.5222,194.4966,305.933,189.5238,188.3766,485.7774,221.7532,224.3461,258.5861,282.9819,224.3114,255.5007,246.6055,240.6468,242.8632,312.5877,254.9996,251.4006,220.2245,220.2988,222.8081,218.5696,224.9904,225.7794,224.673,229.6059
2019-08,245.1846,250.1356,250.1519,263.1525,234.0575,292.6495,265.9068,189.8859,255.5853,239.3098,249.9947,261.7816,246.5727,193.517,178.2398,203.6361,181.2704,172.4161,204.674,321.2287,198.0179,197.1254,510.0908,232.499,233.0357,270.1211,295.6909,235.0023,262.9795,262.4502,246.59,245.5405,313.8099,258.3233,254.2293,229.1518,227.7444,230.7788,222.7794,235.6485,237.1097,235.6338,241.7803
2019-09,259.466,263.4337,263.4255,275.0863,245.8922,300.5481,284.3023,214.5613,277.8012,251.2791,263.5048,271.337,261.2309,204.2862,182.2769,218.8645,194.0333,184.9166,218.1306,331.2451,201.8167,201.0375,526.6316,250.615,247.6997,293.4359,326.8973,245.2717,276.0522,294.3033,255.2254,251.1461,315.8669,272.7204,268.2299,248.9957,242.6343,255.3159,224.417,247.5575,249.403,257.1361,265.4385
2019-10,269.1257,269.1742,268.4991,282.454,251.219,304.9031,290.7465,224.3963,272.3489,262.0386,275.0044,277.7753,274.1999,217.1244,193.8135,232.5649,207.6402,197.3818,234.7554,339.2326,209.878,208.9027,533.8964,270.7723,274.3756,307.2929,342.8278,259.3851,288.3889,325.6571,262.1884,258.3479,319.7428,275.3063,270.8134,255.5258,245.8516,264.6918,230.8964,254.1716,255.9598,268.8532,278.3479
2019-11,281.2769,283.7594,282.8046,294.6134,266.678,312.7363,294.7881,281.1078,281.7787,274.6901,292.0056,293.611,291.5395,230.7659,206.755,246.67,219.3983,204.8289,257.9084,342.564,212.3631,210.9431,536.6843,273.9913,272.5669,328.3123,371.2512,267.1203,301.5339,343.2922,276.4038,272.3813,323.7341,295.671,291.3205,267.7569,255.5788,272.7737,233.2931,262.4744,264.2352,284.744,296.5684
2019-12,290.4687,291.8169,290.4805,300.266,278.5056,317.49,297.0697,309.8919,272.755,290.1501,303.3594,304.3947,303.0588,237.8552,211.622,255.2313,222.6283,209.1375,258.2873,345.2293,215.6724,213.5471,537.1035,289.2805,294.3619,345.659,389.8058,294.1876,318.6718,361.61,294.8294,293.457,335.3876,318.9514,312.9717,273.4237,267.1964,280.9554,234.8593,268.1879,269.2088,293.8452,306.2405
2020-01,297.7698,304.6729,303.4288,314.8184,295.4312,333.407,312.349,299.1426,269.4245,315.6869,315.4181,333.2002,310.2556,247.6162,215.8281,268.6716,225.5978,210.8409,264.6037,351.4413,219.7767,218.4161,538.1085,287.4292,284.4779,337.474,375.677,295.2801,328.1408,387.3879,297.2841,295.0619,344.9605,319.0182,312.9717,283.5726,269.9227,290.9602,236.5604,281.4594,279.8163,303.6217,316.5822
2020-02,304.603,315.2852,314.2786,323.1853,302.3844,341.2457,330.0002,304.3132,298.165,340.8888,323.979,343.2707,318.3782,251.2592,219.0611,272.5862,232.956,214.9329,280.595,356.7685,225.3379,223.9912,539.7163,292.6947,289.2234,339.4238,375.9166,296.7165,329.8704,393.6293,299.9023,295.9177,338.0638,324.4703,317.5133,296.5318,284.1111,314.3926,239.186,286.0479,284.9163,312.1816,325.0232
2020-03,314.1219,326.6204,326.4212,330.1648,313.9259,345.6657,334.1129,317.0004,333.8993,349.5893,328.3414,342.4069,324.2578,258.8017,222.5155,282.8367,245.4596,225.8924,297.1802,357.6081,228.9201,227.0796,533.2395,298.3886,296.1408,349.0392,387.2265,300.6985,334.5845,402.5137,303.0779,298.4881,342.0241,354.3947,349.1082,302.5803,292.1663,323.2611,272.6039,296.6292,297.4102,319.2234,331.8312
2020-04,318.1874,337.7447,338.8233,337.8138,323.6522,359.0263,339.062,340.6766,368.9863,352.4071,328.4282,345.9088,323.3533,262.662,223.4588,288.629,248.6365,///,///,353.3572,230.1789,228.3482,512.8786,302.244,300.7142,355.6529,394.3307,302.0753,331.5761,381.3588,306.6616,299.7831,342.6098,338.6007,331.3378,307.2083,292.1663,329.7867,280.8957,300.4683,///,320.7307,333.1753
2020-05,322.4709,340.5912,341.7046,344.7435,322.1425,365.101,343.6465,319.3559,382.3202,357.4394,330.9746,346.1701,326.563,264.0108,226.8373,288.6334,254.6666,244.8361,280.6508,353.5329,232.7545,230.9855,503.6152,310.8771,302.7491,358.0598,394.2116,302.0485,338.2501,403.1694,308.8213,300.76,343.275,338.0135,331.3378,317.0817,294.8791,361.1601,286.066,304.5133,///,325.0165,335.458
2020-06,329.9792,344.7573,346.1163,348.0113,324.4504,362.9181,340.3662,312.3364,413.7927,359.523,333.0194,353.5315,327.0642,274.029,228.49,304.1927,280.3205,269.3153,309.4096,356.0926,235.3479,233.6754,500.82,318.0897,302.3075,363.7999,402.0558,302.0485,344.0613,420.196,311.2117,299.4839,344.866,339.9134,331.3378,326.9439,295.2161,362.7091,285.6238,311.6034,///,326.4502,338.4931
2020-07,337.4552,348.4305,349.4804,354.1445,326.5243,369.951,347.0264,328.134,401.5791,369.6213,339.3626,363.9079,332.2366,278.1531,231.5763,309.0042,296.4225,287.7649,319.3063,361.7409,239.8424,238.3238,504.155,329.9553,306.2979,375.7193,417.3073,302.0485,351.4398,444.9714,313.0685,298.769,346.3572,347.7045,334.8825,333.5106,294.3725,370.595,286.458,318.6631,///,334.4386,346.7235
2020-08,346.538,359.842,360.8188,360.8912,338.0651,378.6384,357.53,337.8764,427.4615,376.8001,351.405,373.4409,345.0075,281.0094,238.721,309.02,303.4673,294.7985,326.3808,373.2251,248.3629,246.8522,516.0945,343.1694,310.1462,386.0878,431.0002,302.0485,362.131,471.3535,319.95,304.7141,348.1579,346.7804,334.092,342.611,297.9992,374.8117,285.7398,323.115,323.7733,338.5091,351.5536
2020-09,358.8958,371.126,373.0418,363.5241,348.7956,378.4713,362.4405,379.7082,476.0976,381.0661,354.5792,371.9413,349.5386,293.2142,241.6392,327.3761,331.8143,315.6263,374.6029,385.5045,255.008,253.744,531.9232,350.8298,312.1529,400.1388,449.0928,302.0485,378.4364,503.0118,333.9563,317.5474,351.3946,348.7032,334.1002,349.27,294.1024,376.381,288.8698,327.7968,328.1415,338.9699,351.9351
2020-10,372.0342,388.2221,390.5758,375.2848,355.2424,386.0036,389.8769,433.9479,544.3039,390.6771,367.8936,390.8425,361.231,297.599,249.8749,329.21,339.7554,326.8021,373.9938,395.9748,260.2286,259.1474,542.1174,363.583,321.1562,416.6332,471.3636,302.0485,396.2482,539.8556,348.1174,330.2222,355.4549,350.7787,336.1992,360.2428,294.9851,387.1137,290.1694,340.8066,341.2138,350.0503,364.3713
2020-11,383.7513,399.1108,401.6766,388.3462,373.97,389.8558,411.6813,487.1269,516.4682,400.5417,376.9497,402.273,369.5978,306.7879,260.3684,337.5348,354.9369,344.2029,383.3092,405.4405,266.7222,265.3095,549.3362,376.8479,329.9949,433.8416,494.4906,302.0485,409.1959,566.1215,359.1731,341.6232,356.7519,353.2344,338.3507,377.2302,319.384,391.5465,295.4738,349.0667,349.3648,354.579,368.7294
2020-12,400.1693,422.5693,426.3342,393.4659,445.2315,391.0396,424.0348,496.8811,454.1969,407.3724,390.0524,404.7694,385.7798,318.8702,272.1455,349.8193,365.4739,354.4193,394.6938,412.0906,271.3046,268.3977,552.5682,388.454,338.1885,456.4847,515.4562,332.0218,431.6571,597.222,375.598,356.6784,386.3678,352.4229,337.146,388.6505,331.544,401.5971,296.0217,367.3801,367.3138,365.4114,380.1243
2021-01,418.0148,443.9524,448.9496,406.7134,481.4672,401.5107,439.3579,562.0882,452.1924,414.3308,400.7913,414.3357,396.859,332.8249,282.2766,366.3066,380.1202,371.629,402.5642,421.6108,279.4237,278.3905,552.9109,405.906,348.2043,470.9392,533.7999,332.1916,454.4119,600.7226,399.4792,382.1166,430.8869,399.8284,385.2803,399.2593,334.7326,410.3475,296.0217,392.7364,389.6867,370.6396,385.6557
2021-02,435.0785,459.9176,465.1448,428.7781,492.2451,413.9433,466.744,596.6018,469.1235,432.5948,414.7711,434.2869,409.1053,345.6579,297.6313,377.4692,398.4482,384.921,434.2034,445.9511,288.3415,287.0595,598.6915,423.567,366.817,488.7899,557.527,332.8724,480.2908,635.2066,420.7416,402.2579,459.6214,404.4377,389.4751,402.9254,326.7423,430.3984,296.0217,412.6131,411.3943,385.3446,401.5316
2021-03,453.9557,479.5129,485.6361,450.4164,520.7963,441.6981,491.5258,564.9232,472.6352,444.185,426.6273,450.5873,419.6712,367.9352,315.715,402.5242,417.7376,399.8635,464.9826,456.9785,295.4948,294.3441,599.5302,438.8695,376.8163,506.5566,578.5621,345.9484,502.1337,664.9349,443.4499,421.1469,468.492,409.6266,394.1697,429.2583,368.1627,446.5595,344.7319,429.196,432.044,393.4173,409.522
2021-04,472.8822,501.5699,508.3076,471.0722,544.4148,480.777,527.3658,556.9964,484.0902,462.3284,443.3773,468.5657,436.0646,380.8018,340.5888,407.4377,442.2944,424.8069,488.5178,464.6043,301.4599,299.8435,599.4103,451.2445,388.8049,525.1803,598.3763,352.3291,534.6485,726.5364,475.7935,455.9084,463.4461,414.9889,396.9543,434.2929,362.3544,458.8064,346.3381,453.0228,457.9789,407.03,424.9809
2021-05,490.0755,518.5694,525.9602,490.1956,564.4588,507.7785,557.1781,536.9626,493.3041,477.4591,454.7351,483.5864,446.3589,388.7192,360.4009,407.4765,453.7757,436.6374,499.0761,462.6201,305.2331,303.7309,583.8452,465.3421,399.4135,550.8925,627.326,377.1702,575.5995,779.2489,515.5802,497.0666,492.5586,415.9042,399.2256,449.6451,373.8741,472.4142,366.7477,473.367,478.3294,415.3056,431.4333
2021-06,507.4581,538.9294,547.0324,507.9148,595.6722,531.9789,587.75,499.7597,505.7603,481.5349,468.9448,504.4877,458.6259,410.9198,381.3201,430.5258,472.4521,451.8997,526.7767,477.1546,312.4012,311.1426,605.5934,481.5851,411.5876,573.2985,655.9636,380.3541,587.3537,783.1541,533.7045,514.3669,495.103,445.5793,429.0752,462.5729,389.3942,474.708,373.738,491.4731,498.9979,422.7502,439.3743
2021-07,523.5377,556.7018,564.7553,522.4002,600.6557,558.6971,610.3049,492.7731,571.6726,495.8835,487.1445,549.9429,468.9127,419.5867,396.5179,434.8668,487.9941,465.627,547.1155,488.7224,327.1447,325.5244,610.2539,497.0836,421.4615,602.336,694.8621,382.0061,603.5191,829.6424,541.7079,515.7028,496.5342,443.4521,426.2988,477.4649,387.8043,495.7249,378.7866,513.2083,517.1355,430.9006,447.7058
2021-08,532.8443,563.0753,569.5684,535.5552,601.4579,581.3383,623.1474,497.9086,541.8754,513.2893,506.9947,593.6216,481.8449,425.9041,412.3441,434.8858,497.57,473.0957,562.261,475.9714,349.6287,347.3752,541.6331,515.5036,438.6343,626.7525,720.0508,413.3389,619.7151,868.9711,553.0006,523.0881,497.4413,449.7956,430.1702,490.2418,394.447,511.6233,385.3474,524.3915,531.2273,443.5021,460.467
2021-09,548.1352,576.7106,582.5635,548.3983,605.3652,593.9759,627.9484,542.5076,575.3655,530.8958,526.1585,626.9746,496.8892,449.7654,429.5043,463.1858,526.9041,503.775,588.0396,486.9389,358.4151,356.4711,553.1246,530.4224,455.0333,650.375,744.7565,452.7855,630.0281,902.4763,555.6149,525.3972,500.9387,458.4683,438.7081,501.5198,401.0263,526.7558,395.5928,535.6698,541.2006,452.8286,470.3124
2021-10,565.1606,591.2756,597.0426,561.4801,609.2222,608.1154,623.6571,579.0311,624.0111,555.2715,541.4655,651.5652,509.5011,462.2359,456.2908,466.1737,541.2378,518.6365,600.9781,510.5533,376.8311,374.6059,588.6268,544.4923,467.4199,675.259,768.6726,491.005,651.3316,953.4194,565.5178,528.137,518.31,464.2007,445.5981,520.0075,413.0502,563.4676,411.6703,552.694,559.2883,466.4869,484.9129
2021-11,580.1379,607.3227,614.0298,574.5378,642.1242,615.6972,627.8999,605.7675,607.0656,570.1785,549.3942,662.7861,516.474,467.2246,468.8075,466.1762,554.2844,532.2931,612.4121,518.981,385.7912,383.8785,594.5316,558.4798,478.6577,695.1112,789.7492,500.0681,672.4252,1016.107,574.4665,530.9987,522.0954,466.1801,446.7961,533.2415,425.6629,580.7138,418.9341,575.5834,579.4132,478.4907,496.9688
2021-12,602.829,634.2376,642.2705,593.6961,710.8719,633.0921,640.8097,629.2395,533.3687,581.8344,564.8578,681.7969,530.9077,491.4649,487.8901,493.8328,589.8435,565.6227,653.8643,525.6726,390.0117,387.508,596.1304,578.282,496.8228,701.0687,793.5309,500.3094,697.5245,1091.373,581.2298,534.4683,537.6013,477.3203,453.9093,554.582,443.7174,597.5276,423.0259,609.5021,613.5503,497.3125,517.2417
2022-01,627.2454,661.1272,669.764,610.1592,724.729,655.3091,690.2321,668.513,631.2283,613.2301,586.5312,719.8376,547.8294,499.5304,504.9939,495.9115,606.5101,582.4485,670.1101,541.3698,409.4427,408.2315,595.5151,597.4841,513.0975,726.7274,812.891,547.7894,720.2962,1152.788,592.0377,537.4562,546.3742,511.9873,489.6713,585.5443,480.6199,629.903,426.9505,662.6353,655.8939,515.2673,535.3769
2022-02,661.1462,710.6436,722.115,638.7163,761.2126,708.2409,706.4766,774.9775,779.5396,647.8177,611.565,752.2506,570.7208,513.7729,531.1646,502.2532,629.0696,601.4593,702.0497,562.7882,433.9267,433.0881,616.8079,623.3603,536.0311,757.962,855.0349,547.2997,763.9151,1217.9172,632.801,578.2996,570.5643,525.7136,502.5702,606.1146,491.8414,674.6296,436.8733,702.949,698.8267,540.6685,563.6842
2022-03,706.0617,774.9899,790.5385,739.0987,831.7544,775.2767,730.7738,777.0168,833.9458,700.2852,640.6972,796.204,595.55,544.9294,561.2646,534.1094,676.6914,648.5362,751.1121,597.9837,447.1982,446.5399,674.0202,655.7286,566.64,790.304,885.8993,606.9162,814.2345,1285.1372,673.841,620.4574,627.142,536.842,513.0861,625.9671,508.5843,698.9961,503.7127,735.8994,739.2634,570.5933,594.1205
2022-04,747.3483,818.5181,835.5504,803.768,886.6652,819.27,776.6471,766.7454,828.5706,744.3315,671.4103,834.3116,624.1164,561.8491,603.6646,534.1518,740.8228,712.1543,816.6,620.5285,459.7675,457.4875,706.5805,695.3912,605.2947,845.4147,947.0217,644.1669,858.0554,1347.1987,708.6273,654.9712,674.7173,555.2092,525.2282,647.8326,517.3935,730.6529,531.8872,786.6069,793.1509,600.9343,626.0759
2022-05,786.3491,851.4447,867.7645,837.9664,930.8121,848.0574,861.15,795.8128,802.1595,780.0617,710.4912,864.2568,665.8496,598.4101,654.148,561.4909,803.7087,760.814,917.0888,633.0312,473.8525,472.0647,714.3284,727.4135,639.1219,901.7533,1015.2986,694.9424,910.7684,1442.2359,758.9383,707.5228,679.3618,574.4157,546.0003,675.1777,549.2829,752.3798,553.4472,838.7656,846.2396,632.1405,660.0954
2022-06,827.9972,890.2349,907.2196,885.3174,954.3658,887.9547,928.5518,785.5026,895.2127,832.2966,743.5387,908.302,695.7041,633.0738,690.4365,595.0784,840.6312,806.2874,931.4095,674.8472,480.1409,476.674,802.65,773.6659,686.9916,966.4358,1090.3361,761.5682,964.3987,1535.5159,806.6181,750.377,699.2804,577.0746,546.0003,705.7028,567.081,786.0445,576.9998,890.911,898.0882,661.6526,690.4635
2022-07,888.7017,943.4856,959.2602,944.7392,982.6301,958.4777,984.1381,823.3987,994.6283,917.8234,807.2419,987.8566,754.8053,670.1352,748.9578,617.9254,916.4142,884.6792,1000.2968,707.5693,512.3773,510.0215,811.6459,841.7258,732.9758,1032.1162,1170.4899,793.6569,1033.6685,1630.5899,871.8063,797.3478,747.2495,619.1985,579.7303,795.907,627.5737,848.601,626.7451,966.3488,957.3904,711.0776,740.1089
2022-08,946.058,1013.1572,1029.5359,1003.3371,1009.4854,1044.4554,1081.5414,946.6533,1180.5409,1045.7067,871.6946,1061.4723,816.5979,714.3279,800.3114,657.375,996.8983,957.781,1100.2937,746.9598,541.6014,538.1759,851.7473,908.8059,792.6542,1078.0811,1207.0227,884.1576,1069.3372,1681.61,912.5702,818.4084,747.2306,646.7086,605.1917,841.6211,666.1877,942.2418,675.3696,1031.7159,1026.8775,767.743,801.5631
2022-09,1003.4171,1078.2487,1096.2118,1054.8955,1034.5289,1096.2626,1223.8564,987.9278,1433.2056,1151.8353,923.102,1103.8031,870.6404,780.9433,865.8127,724.7283,1104.3895,1063.4238,1212.6711,771.7696,569.6994,566.9652,876.326,971.8371,853.6581,1135.2945,1277.6064,885.5665,1106.6679,1727.3683,955.4029,855.4408,756.6954,670.391,632.6762,890.3281,707.0429,1040.5807,701.4317,1076.2622,1078.7641,818.0974,855.8605
2022-10,1063.4948,1141.8173,1161.5654,1105.8319,1062.779,1163.9225,1251.5132,1101.8136,1658.6156,1201.6594,971.2539,1151.7725,918.8453,816.249,925.4145,743.9411,1177.8085,1155.6232,1236.4491,819.7921,609.5584,604.7637,940.7311,1027.5945,904.2702,1215.0548,1363.8931,985.7097,1177.3574,1812.3548,1017.6665,917.7566,834.4414,742.1208,699.5016,930.0968,726.8434,1113.3342,717.69,1128.1159,1124.7833,866.8121,908.1363
